Superintendência,Processo,Tipo de requerimento,Fase Atual,CPF/CNPJ do titular,Titular,Municipio(s),Substância(s),Tipo(s) de Uso,Situação,doc_limpo
Gerência Regional / MG,806857/1972,Requerimento de Autorização de Pesquisa,Concessão de Lavra,16.964.819/0001-09,ARQUEANA EMPREENDIMENTOS E PARTICIPACOES S.A.,ARAÇUAÍ,"FELDSPATO, PETALITA, QUARTZO","Demais substâncias, Demais substâncias, Demais substâncias",Sim,16964819000109
Gerência Regional / MG,801317/1972,Requerimento de Autorização de Pesquisa,Concessão de Lavra,16.964.819/0001-09,ARQUEANA EMPREENDIMENTOS E PARTICIPACOES S.A.,ARAÇUAÍ,"FELDSPATO, QUARTZO","Demais substâncias, Demais substâncias",Sim,16964819000109
Gerência Regional / MG,806728/1973,Requerimento de Autorização de Pesquisa,Concessão de Lavra,17.448.739/0001-63,HALBA COMERCIO E INDUSTRIA DE PEDRAS PRECIOSAS S A,CORONEL MURTA,GEMA,Demais substâncias,Sim,17448739000163
Gerência Regional / MG,800179/1972,Requerimento de Autorização de Pesquisa,Concessão de Lavra,17.448.739/0001-63,HALBA COMERCIO E INDUSTRIA DE PEDRAS PRECIOSAS S A,CORONEL MURTA,"CAULIM, PEDRA CORADA","Demais substâncias, Demais substâncias",Sim,17448739000163
Gerência Regional / MG,814488/1974,Requerimento de Autorização de Pesquisa,Concessão de Lavra,21.228.861/0001-00,NACIONAL DE GRAFITE LTDA,PEDRA AZUL,"GRAFITA, XISTO ARGILOSO","Demais substâncias, Demais substâncias",Sim,21228861000100
Gerência Regional / MG,814487/1974,Requerimento de Grupamento Mineiro,Concessão de Lavra,21.228.861/0001-00,NACIONAL DE GRAFITE LTDA,PEDRA AZUL,GRAFITA,Demais substâncias,Sim,21228861000100
Gerência Regional / MG,811741/1972,Requerimento de Autorização de Pesquisa,Concessão de Lavra,21.228.861/0001-00,NACIONAL DE GRAFITE LTDA,PEDRA AZUL,GRAFITA,Demais substâncias,Sim,21228861000100
Gerência Regional / MG,811740/1972,Requerimento de Grupamento Mineiro,Concessão de Lavra,21.228.861/0001-00,NACIONAL DE GRAFITE LTDA,PEDRA AZUL,GRAFITA,Demais substâncias,Sim,21228861000100
Gerência Regional / MG,811739/1972,Requerimento de Grupamento Mineiro,Concessão de Lavra,21.228.861/0001-00,NACIONAL DE GRAFITE LTDA,PEDRA AZUL,GRAFITA,Demais substâncias,Sim,21228861000100
Gerência Regional / MG,801554/1974,Requerimento de Grupamento Mineiro,Concessão de Lavra,21.228.861/0001-00,NACIONAL DE GRAFITE LTDA,PEDRA AZUL,GRAFITA,Demais substâncias,Sim,21228861000100
Gerência Regional / MG,002778/1935,Requerimento de Manifesto de Mina,Concessão de Lavra,21.228.861/0001-00,NACIONAL DE GRAFITE LTDA,PEDRA AZUL,GRAFITA,Demais substâncias,Sim,21228861000100
Gerência Regional / MG,807022/1971,Requerimento de Autorização de Pesquisa,Concessão de Lavra,21.624.671/0001-01,COMPANHIA BRASILEIRA DE LITIO,ARAÇUAÍ,"ESPODUMÊNIO, FELDSPATO, MINÉRIO DE LÍTIO","Demais substâncias, Demais substâncias, Industrial",Sim,21624671000101
Gerência Regional / MG,824694/1971,Requerimento de Autorização de Pesquisa,Concessão de Lavra,16.964.819/0001-09,ARQUEANA EMPREENDIMENTOS E PARTICIPACOES S.A.,ARAÇUAÍ,"FELDSPATO, PETALITA, QUARTZO","Demais substâncias, Demais substâncias, Demais substâncias",Sim,16964819000109
Gerência Regional / MG,806842/1973,Requerimento de Autorização de Pesquisa,Concessão de Lavra,17.448.739/0001-63,HALBA COMERCIO E INDUSTRIA DE PEDRAS PRECIOSAS S A,CORONEL MURTA,"CAULIM, GEMA","Demais substâncias, Demais substâncias",Sim,17448739000163
Gerência Regional / MG,830337/1979,Requerimento de Autorização de Pesquisa,Concessão de Lavra,18.702.175/0001-06,EMISOL EMPRESA DE MINERACAO SOARES LTDA,ARAÇUAÍ,"CASSITERITA, COLUMBITA, FELDSPATO, QUARTZO, TANTALITA","Demais substâncias, Demais substâncias, Demais substâncias, Demais substâncias, Demais substâncias",Sim,18702175000106
Gerência Regional / MG,000306/1958,Requerimento de Autorização de Pesquisa,Concessão de Lavra,18.929.323/0001-20,Água Mineral Sanleny Ltda,TEÓFILO OTONI,ÁGUA MINERAL,Demais substâncias,Sim,18929323000120
Gerência Regional / MG,830260/1986,Requerimento de Autorização de Pesquisa,Concessão de Lavra,20.519.906/0001-24,Alemão Exportação e Mineração de Granitos Ltda,MEDINA,GRANITO,Demais substâncias,Sim,20519906000124
Gerência Regional / MG,807652/1973,Requerimento de Autorização de Pesquisa,Concessão de Lavra,21.624.671/0001-01,COMPANHIA BRASILEIRA DE LITIO,ARAÇUAÍ,"AMBLIGONITA, BERILO, ESPODUMÊNIO, ESPODUMÊNIO, MINÉRIO DE LÍTIO, PETALITA","Demais substâncias, Demais substâncias, Demais substâncias, Demais substâncias, Industrial, Industrial",Sim,21624671000101
Gerência Regional / MG,830557/1979,Requerimento de Autorização de Pesquisa,Concessão de Lavra,21.673.108/0001-15,MINERACAO ZE DA ESTRADA INDUSTRIA E COMERCIO LTDA,ITINGA,"FELDSPATO, QUARTZO, TURMALINA, TURMALINA","Demais substâncias, Gema, Industrial, Pedra de coleção",Sim,21673108000115
Gerência Regional / MG,832652/2002,Requerimento de Autorização de Pesquisa,Concessão de Lavra,24.042.913/0001-39,GRANSENA EXPORTACAO E COMERCIO LTDA,ARAÇUAÍ,GRANITO,Revestimento,Sim,24042913000139
Gerência Regional / MG,832636/2002,Requerimento de Autorização de Pesquisa,Concessão de Lavra,24.042.913/0001-39,GRANSENA EXPORTACAO E COMERCIO LTDA,ARAÇUAÍ,GRANITO,Revestimento,Sim,24042913000139
Gerência Regional / MG,816951/1973,Requerimento de Autorização de Pesquisa,Concessão de Lavra,35.866.904/0001-89,Mineração Taperebá S A,VIRGEM DA LAPA,CASCALHO DIAMANTÍFERO,Demais substâncias,Sim,35866904000189
Gerência Regional / MG,814245/1973,Requerimento de Autorização de Pesquisa,Concessão de Lavra,35.866.904/0001-89,Mineração Taperebá S A,VIRGEM DA LAPA,DIAMANTE,Demais substâncias,Sim,35866904000189
Gerência Regional / MG,830089/2000,Requerimento de Autorização de Pesquisa,Concessão de Lavra,36.346.393/0001-37,MINERACAO THOMAZINI LTDA,ITINGA,"GRANITO, MINÉRIO DE OURO","Industrial, Revestimento",Sim,36346393000137
Gerência Regional / MG,801871/1978,Requerimento de Autorização de Pesquisa,Concessão de Lavra,36.346.393/0001-37,MINERACAO THOMAZINI LTDA,ITINGA,"BERILO, FELDSPATO, MICA, PEGMATITO, QUARTZO, TÂNTALO","Demais substâncias, Demais substâncias, Demais substâncias, Demais substâncias, Demais substâncias, Revestimento",Sim,36346393000137
Gerência Regional / MG,801869/1978,Requerimento de Autorização de Pesquisa,Concessão de Lavra,36.346.393/0001-37,MINERACAO THOMAZINI LTDA,ITINGA,"BERILO, ESTANHO, FELDSPATO, MICA, PEGMATITO, QUARTZO, TANTALITA","Construção civil, Industrial, Industrial, Industrial, Industrial, Industrial, Revestimento",Sim,36346393000137
Gerência Regional / MG,831337/2012,Requerimento de Cessão parcial,Concessão de Lavra,39.282.298/0001-05,MINERACAO CORCOVADO DE MINAS LTDA,SALINAS,GRANITO,Industrial,Sim,39282298000105
Gerência Regional / MG,830016/2004,Requerimento de Autorização de Pesquisa,Concessão de Lavra,39.282.298/0001-05,MINERACAO CORCOVADO DE MINAS LTDA,CORONEL MURTA,GRANITO,Revestimento,Sim,39282298000105
Gerência Regional / MG,831609/2002,Requerimento de Autorização de Pesquisa,Concessão de Lavra,39.365.754/0001-80,NOVA AURORA MARMORES E GRANITOS LTDA,ITINGA,GRANITO,Revestimento,Sim,39365754000180
Gerência Regional / MG,831608/2002,Requerimento de Autorização de Pesquisa,Concessão de Lavra,39.365.754/0001-80,NOVA AURORA MARMORES E GRANITOS LTDA,ITINGA,GRANITO,Revestimento,Sim,39365754000180
Gerência Regional / MG,831013/1984,Requerimento de Autorização de Pesquisa,Concessão de Lavra,48.147.730/0001-46,Granitos Moredo Ltda,TEÓFILO OTONI,GRANITO,Demais substâncias,Sim,48147730000146
Gerência Regional / MG,830841/1986,Requerimento de Autorização de Pesquisa,Concessão de Lavra,25.992.967/0001-28,MINERAÇÃO ITABELA LTDA                                                          ,MEDINA,GRANITO,Demais substâncias,Sim,25992967000128
Gerência Regional / MG,820099/1972,Requerimento de Autorização de Pesquisa,Concessão de Lavra,35.866.904/0001-89,Mineração Taperebá S A,VIRGEM DA LAPA,DIAMANTE,Demais substâncias,Sim,35866904000189
Gerência Regional / MG,830269/1990,Requerimento de Autorização de Pesquisa,Concessão de Lavra,38.564.373/0001-68,MINERACAO JOAO WOLFF LTDA,TEÓFILO OTONI,GRANITO,Demais substâncias,Sim,38564373000168
Gerência Regional / MG,830003/2004,Requerimento de Autorização de Pesquisa,Concessão de Lavra,39.365.754/0001-80,NOVA AURORA MARMORES E GRANITOS LTDA,ITINGA,GRANITO,Industrial,Sim,39365754000180
Gerência Regional / MG,830343/1979,Requerimento de Autorização de Pesquisa,Concessão de Lavra,60.628.468/0001-57,MINERACAO JUNDU LTDA,ARAÇUAÍ,"BERILO, COLUMBITA, FELDSPATO","Demais substâncias, Demais substâncias, Demais substâncias",Sim,60628468000157
Gerência Regional / MG,825819/1972,Requerimento de Autorização de Pesquisa,Concessão de Lavra,***.528.406-**,ALEXANDRE VILLAS-BOAS SZUNDY                                                    ,PEDRA AZUL,GRAFITA,Demais substâncias,Sim,528406
Gerência Regional / MG,831459/1986,Requerimento de Autorização de Pesquisa,Concessão de Lavra,71.333.736/0001-20,GRANITOS SOLEDADE LTDA,MEDINA,GRANITO,Demais substâncias,Sim,71333736000120
Gerência Regional / MG,830809/1991,Requerimento de Autorização de Pesquisa,Concessão de Lavra,86.625.621/0001-86,MINERACAO MORRO REDONDO LTDA,CORONEL MURTA,"FELDSPATO, QUARTZO, TURMALINA","Demais substâncias, Demais substâncias, Demais substâncias",Sim,86625621000186
Gerência Regional / MG,825820/1972,Requerimento de Autorização de Pesquisa,Concessão de Lavra,***.528.406-**,ALEXANDRE VILLAS-BOAS SZUNDY                                                    ,PEDRA AZUL,GRAFITA,Demais substâncias,Sim,528406
Gerência Regional / MG,832854/2003,Requerimento de Autorização de Pesquisa,Concessão de Lavra,05.591.773/0001-03,ITINGA MINERACAO LTDA,ITINGA,GRANITO,Industrial,Sim,05591773000103
Gerência Regional / MG,832779/2010,Requerimento de Autorização de Pesquisa,Concessão de Lavra,05.591.773/0001-03,ITINGA MINERACAO LTDA,CORONEL MURTA,"GRANITO, MINÉRIO DE BERÍLIO","Industrial, Revestimento",Sim,05591773000103
Gerência Regional / MG,831629/2002,Requerimento de Autorização de Pesquisa,Concessão de Lavra,05.591.773/0001-03,ITINGA MINERACAO LTDA,ITINGA,"FELDSPATO, GRANITO","Construção civil, Industrial",Sim,05591773000103
Gerência Regional / MG,830308/2018,Requerimento de Disponibilidade para pesquisa,Concessão de Lavra,05.591.773/0001-03,ITINGA MINERACAO LTDA,SALINAS,"GRANITO, QUARTZITO","Revestimento, Revestimento",Sim,05591773000103
Gerência Regional / MG,831587/1999,Requerimento de Autorização de Pesquisa,Concessão de Lavra,05.284.593/0001-89,Mineração Granduvale Ltda,MEDINA,"CAULIM, GRANITO","Demais substâncias, Revestimento",Sim,05284593000189
Gerência Regional / MG,830663/2003,Requerimento de Autorização de Pesquisa,Concessão de Lavra,05.284.593/0001-89,Mineração Granduvale Ltda,SALINAS,GRANITO,Revestimento,Sim,05284593000189
Gerência Regional / MG,831415/2004,Requerimento de Autorização de Pesquisa,Concessão de Lavra,42.837.484/0001-78,BONTEMPI IMOVEIS LTDA,ARAÇUAÍ,GRANITO,Revestimento,Sim,42837484000178
Gerência Regional / MG,801873/1978,Requerimento de Autorização de Pesquisa,Concessão de Lavra,04.867.725/0001-32,K2 MINERACAO E EXPORTACAO LTDA,ITINGA,"AMBLIGONITA, BERILO, FELDSPATO, MINÉRIO DE ESTANHO, TÂNTALO","Demais substâncias, Demais substâncias, Demais substâncias, Demais substâncias, Demais substâncias",Sim,04867725000132
Gerência Regional / MG,801872/1978,Requerimento de Autorização de Pesquisa,Concessão de Lavra,04.867.725/0001-32,K2 MINERACAO E EXPORTACAO LTDA,ITINGA,"BERILO, ESTANHO, FELDSPATO, MICA, QUARTZO, TANTALITA","Demais substâncias, Demais substâncias, Demais substâncias, Demais substâncias, Demais substâncias, Demais substâncias",Sim,04867725000132
Gerência Regional / MG,832626/2003,Requerimento de Autorização de Pesquisa,Concessão de Lavra,04.867.725/0001-32,K2 MINERACAO E EXPORTACAO LTDA,ITINGA,GRANITO,Industrial,Sim,04867725000132
Gerência Regional / MG,832203/2017,Requerimento de Disponibilidade para pesquisa,Concessão de Lavra,04.867.725/0001-32,K2 MINERACAO E EXPORTACAO LTDA,ITINGA,"GRANITO, PEGMATITO, XISTO","Revestimento, Revestimento, Revestimento",Sim,04867725000132
Gerência Regional / MG,832169/1995,Requerimento de Autorização de Pesquisa,Concessão de Lavra,04.867.725/0001-32,K2 MINERACAO E EXPORTACAO LTDA,ITINGA,XISTO,Demais substâncias,Sim,04867725000132
Gerência Regional / MG,831977/2003,Requerimento de Autorização de Pesquisa,Concessão de Lavra,04.867.725/0001-32,K2 MINERACAO E EXPORTACAO LTDA,ITINGA,GRANITO,Industrial,Sim,04867725000132
Gerência Regional / MG,830720/2002,Requerimento de Autorização de Pesquisa,Concessão de Lavra,05.284.603/0001-86,Ouro Minas Granitos Ltda.,ITINGA,GRANITO,Revestimento,Sim,05284603000186
Gerência Regional / MG,803441/1974,Requerimento de Autorização de Pesquisa,Concessão de Lavra,05.106.351/0001-03,SUPER CLASSICO COMERCIO IMPORTACAO E EXPORTACAO LTDA,ITINGA,"AMBLIGONITA, BERILO, FELDSPATO, PETALITA","Demais substâncias, Demais substâncias, Demais substâncias, Demais substâncias",Sim,05106351000103
Gerência Regional / MG,832729/2002,Requerimento de Autorização de Pesquisa,Concessão de Lavra,42.837.484/0001-78,BONTEMPI IMOVEIS LTDA,ARAÇUAÍ,GRANITO,Revestimento,Sim,42837484000178
Gerência Regional / MG,831501/2003,Requerimento de Autorização de Pesquisa,Concessão de Lavra,04.867.725/0001-32,K2 MINERACAO E EXPORTACAO LTDA,ITINGA,XISTO,Demais substâncias,Sim,04867725000132
Gerência Regional / MG,832119/1986,Requerimento de Autorização de Pesquisa,Concessão de Lavra,42.794.263/0001-60,MINERACAO SALINAS LTDA,SALINAS,FELDSPATO,Industrial,Sim,42794263000160
Gerência Regional / MG,832357/2003,Requerimento de Autorização de Pesquisa,Concessão de Lavra,05.284.603/0001-86,Ouro Minas Granitos Ltda.,ITINGA,GRANITO,Revestimento,Sim,05284603000186
Gerência Regional / MG,821951/1969,Requerimento de Autorização de Pesquisa,Concessão de Lavra,05.106.351/0001-03,SUPER CLASSICO COMERCIO IMPORTACAO E EXPORTACAO LTDA,ITINGA,"AMBLIGONITA, BERILO, ESPODUMÊNIO, FELDSPATO, LEPIDOLITA, PETALITA","Demais substâncias, Demais substâncias, Demais substâncias, Demais substâncias, Demais substâncias, Demais substâncias",Sim,05106351000103
Gerência Regional / MG,800448/1978,Requerimento de Autorização de Pesquisa,Concessão de Lavra,08.684.547/0001-65,MAGNESITA REFRATARIOS S.A,MINAS NOVAS,FELDSPATO,Demais substâncias,Sim,08684547000165
Gerência Regional / MG,832348/2000,Requerimento de Autorização de Pesquisa,Concessão de Lavra,03.933.619/0001-47,MINERACAO SANTA INES LTDA,ITAOBIM,GRANITO,Industrial,Sim,03933619000147
Gerência Regional / MG,830770/2012,Requerimento de Autorização de Pesquisa,Concessão de Lavra,25.897.802/0001-77,GAUDENCIO ALVES DE AZEVEDO,MINAS NOVAS,ARGILA,Cerâmica vermelha,Sim,25897802000177
Gerência Regional / MG,830185/2010,Requerimento de Autorização de Pesquisa,Concessão de Lavra,04.180.718/0001-68,WESLEY ARRUDA SPOSITO EIRELI,RUBELITA,"GRANITO, MINÉRIO DE FERRO, QUARTZO","Industrial, Industrial, Revestimento",Sim,04180718000168
Gerência Regional / MG,824692/1971,Requerimento de Autorização de Pesquisa,Concessão de Lavra,16.482.121/0001-57,SIGMA MINERACAO S.A.,ARAÇUAÍ,"AMBLIGONITA, ESPODUMÊNIO, FELDSPATO, PEGMATITO","Demais substâncias, Demais substâncias, Demais substâncias, Demais substâncias",Sim,16482121000157
Gerência Regional / MG,813413/1973,Requerimento de Autorização de Pesquisa,Concessão de Lavra,16.482.121/0001-57,SIGMA MINERACAO S.A.,ARAÇUAÍ,"BERILO, FELDSPATO, MOSCOVITA, QUARTZO, TANTALITA","Demais substâncias, Demais substâncias, Demais substâncias, Demais substâncias, Demais substâncias",Sim,16482121000157
Gerência Regional / MG,810345/1968,Requerimento de Autorização de Pesquisa,Concessão de Lavra,16.482.121/0001-57,SIGMA MINERACAO S.A.,ITINGA,"AMBLIGONITA, CASSITERITA, COLUMBITA, ESPODUMÊNIO, TANTALITA","Demais substâncias, Demais substâncias, Demais substâncias, Demais substâncias, Demais substâncias",Sim,16482121000157
Gerência Regional / MG,808869/1971,Requerimento de Autorização de Pesquisa,Concessão de Lavra,16.482.121/0001-57,SIGMA MINERACAO S.A.,ARAÇUAÍ,"CASSITERITA, ESPODUMÊNIO","Demais substâncias, Demais substâncias",Sim,16482121000157
Gerência Regional / MG,806856/1972,Requerimento de Autorização de Pesquisa,Concessão de Lavra,16.482.121/0001-57,SIGMA MINERACAO S.A.,ARAÇUAÍ,"FELDSPATO, PETALITA, QUARTZO","Demais substâncias, Demais substâncias, Demais substâncias",Sim,16482121000157
Gerência Regional / MG,805799/1970,Requerimento de Autorização de Pesquisa,Concessão de Lavra,16.482.121/0001-57,SIGMA MINERACAO S.A.,ITINGA,"FELDSPATO, QUARTZO","Demais substâncias, Demais substâncias",Sim,16482121000157
Gerência Regional / MG,804088/1975,Requerimento de Autorização de Pesquisa,Concessão de Lavra,16.482.121/0001-57,SIGMA MINERACAO S.A.,ARAÇUAÍ,"CASSITERITA, COLUMBITA, ESPODUMÊNIO, FELDSPATO, MICA, PETALITA, QUARTZO, TANTALITA","Demais substâncias, Demais substâncias, Demais substâncias, Demais substâncias, Demais substâncias, Demais substâncias, Demais substâncias, Demais substâncias",Sim,16482121000157
Gerência Regional / MG,802401/1972,Requerimento de Autorização de Pesquisa,Concessão de Lavra,16.482.121/0001-57,SIGMA MINERACAO S.A.,ITINGA,ESPODUMÊNIO,Demais substâncias,Sim,16482121000157
Gerência Regional / MG,802400/1972,Requerimento de Autorização de Pesquisa,Concessão de Lavra,16.482.121/0001-57,SIGMA MINERACAO S.A.,ITINGA,"FELDSPATO, QUARTZO","Demais substâncias, Demais substâncias",Sim,16482121000157
Gerência Regional / MG,801875/1978,Requerimento de Autorização de Pesquisa,Concessão de Lavra,16.482.121/0001-57,SIGMA MINERACAO S.A.,ARAÇUAÍ,"ARGILA, FELDSPATO, PETALITA","Demais substâncias, Demais substâncias, Demais substâncias",Sim,16482121000157
Gerência Regional / MG,801870/1978,Requerimento de Autorização de Pesquisa,Concessão de Lavra,16.482.121/0001-57,SIGMA MINERACAO S.A.,ARAÇUAÍ,"BERILO, ESTANHO, FELDSPATO","Demais substâncias, Demais substâncias, Demais substâncias",Sim,16482121000157
Gerência Regional / MG,801316/1972,Requerimento de Autorização de Pesquisa,Concessão de Lavra,16.482.121/0001-57,SIGMA MINERACAO S.A.,ARAÇUAÍ,"FELDSPATO, QUARTZO","Demais substâncias, Demais substâncias",Sim,16482121000157
Gerência Regional / MG,801315/1972,Requerimento de Autorização de Pesquisa,Concessão de Lavra,16.482.121/0001-57,SIGMA MINERACAO S.A.,ARAÇUAÍ,"FELDSPATO, LEPIDOLITA, QUARTZO","Demais substâncias, Demais substâncias, Demais substâncias",Sim,16482121000157
Gerência Regional / MG,801312/1972,Requerimento de Autorização de Pesquisa,Concessão de Lavra,16.482.121/0001-57,SIGMA MINERACAO S.A.,ARAÇUAÍ,"FELDSPATO, QUARTZO","Demais substâncias, Demais substâncias",Sim,16482121000157
Gerência Regional / MG,009135/1967,Requerimento de Autorização de Pesquisa,Concessão de Lavra,16.482.121/0001-57,SIGMA MINERACAO S.A.,ITINGA,"FELDSPATO, PETALITA","Demais substâncias, Demais substâncias",Sim,16482121000157
Gerência Regional / MG,005804/1953,Requerimento de Autorização de Pesquisa,Concessão de Lavra,16.482.121/0001-57,SIGMA MINERACAO S.A.,ITINGA,CASSITERITA,Demais substâncias,Sim,16482121000157
Gerência Regional / MG,004134/1953,Requerimento de Autorização de Pesquisa,Concessão de Lavra,16.482.121/0001-57,SIGMA MINERACAO S.A.,ITINGA,"AMBLIGONITA, CASSITERITA, COLUMBITA, FELDSPATO, PETALITA, POLUCITA, QUARTZO","Demais substâncias, Demais substâncias, Demais substâncias, Demais substâncias, Demais substâncias, Demais substâncias, Demais substâncias",Sim,16482121000157
Gerência Regional / MG,002998/1953,Requerimento de Autorização de Pesquisa,Concessão de Lavra,16.482.121/0001-57,SIGMA MINERACAO S.A.,ITINGA,CASSITERITA,Demais substâncias,Sim,16482121000157
Gerência Regional / MG,834418/2012,Requerimento de Autorização de Pesquisa,Concessão de Lavra,04.180.718/0001-68,WESLEY ARRUDA SPOSITO EIRELI,CORONEL MURTA,GRANITO,Revestimento,Sim,04180718000168
Gerência Regional / MG,832033/2009,Requerimento de Autorização de Pesquisa,Concessão de Lavra,11.430.465/0001-07,"Araujo Mineração, Terraplanagem e Construção Ltda",ARAÇUAÍ,"AREIA, AREIA","Construção civil, Industrial",Sim,11430465000107
Gerência Regional / MG,833857/2011,Requerimento de Autorização de Pesquisa,Concessão de Lavra,12.294.384/0001-81,R&M MINERACAO LTDA,TEÓFILO OTONI,GRANITO,Revestimento,Sim,12294384000181
Gerência Regional / MG,830760/1987,Requerimento de Autorização de Pesquisa,Concessão de Lavra,07.959.121/0001-04,Lf Mineração e Beneficiamento Ltda,CORONEL MURTA,"FELDSPATO, QUARTZO, QUARTZO, TURMALINA, TURMALINA","Demais substâncias, Demais substâncias, Demais substâncias, Gema, Industrial",Sim,07959121000104
Gerência Regional / MG,830195/2003,Requerimento de Autorização de Pesquisa,Concessão de Lavra,15.783.338/0001-34,Sal Mineração Ltda,RUBELITA,GRANITO,Industrial,Sim,15783338000134
Gerência Regional / MG,824695/1971,Requerimento de Autorização de Pesquisa,Concessão de Lavra,16.482.121/0001-57,SIGMA MINERACAO S.A.,ARAÇUAÍ,"FELDSPATO, PETALITA, QUARTZO","Demais substâncias, Demais substâncias, Demais substâncias",Sim,16482121000157
Gerência Regional / MG,830380/2017,Requerimento de Autorização de Pesquisa,Concessão de Lavra,26.148.405/0001-65,FHAE GRANITOS DO BRASIL LTDA,SALINAS,QUARTZITO,Revestimento,Sim,26148405000165
Gerência Regional / MG,833356/2007,Requerimento de Autorização de Pesquisa,Concessão de Lavra,17.789.890/0001-65,ATLAS LITIO BRASIL LTDA.,ARAÇUAÍ,MINÉRIO DE LÍTIO,Industrial,Sim,17789890000165
Gerência Regional / MG,831424/2013,Requerimento de Disponibilidade para pesquisa,Concessão de Lavra,19.296.734/0001-98,CARAIBAS GRANITO MINERACAO EXPORTACAO E IMPORTACAO LTDA,RUBELITA,"AREIA, FOSFATO, GRANITO, QUARTZO, QUARTZO, XISTO","Construção civil, Fertilizantes, Industrial, Revestimento, Revestimento, Revestimento",Sim,19296734000198
Gerência Regional / MG,831219/2017,Requerimento de Autorização de Pesquisa,Concessão de Lavra,43.878.350/0001-68,BELO LITHIUM MINERACAO LTDA,SALINAS,GRANITO,Revestimento,Sim,43878350000168
Gerência Regional / MG,830691/2017,Requerimento de Autorização de Pesquisa,Concessão de Lavra,43.878.350/0001-68,BELO LITHIUM MINERACAO LTDA,SALINAS,GRANITO,Revestimento,Sim,43878350000168
Gerência Regional / MG,834323/2007,Requerimento de Autorização de Pesquisa,Concessão de Lavra,48.219.870/0001-82,ITA-ROCHAS ORNAMENTAIS LTDA,RUBELITA,"FELDSPATO, GRANITO, MINÉRIO DE BERÍLIO","Industrial, Industrial, Revestimento",Sim,48219870000182
Gerência Regional / MG,832752/2009,Requerimento de Autorização de Pesquisa,Concessão de Lavra,40.312.265/0001-40,LUIS FERNANDO PEREIRA CHAVIS,VIRGEM DA LAPA,QUARTZO,Industrial,Sim,40312265000140
Gerência Regional / MG,831799/2005,Requerimento de Autorização de Pesquisa,Concessão de Lavra,43.878.350/0001-68,BELO LITHIUM MINERACAO LTDA,SALINAS,GRANITO,Industrial,Sim,43878350000168
